0x05711ac2f57610183cd350eaf799d31e0caccbde,14
0x057120014ebcd98875d46035f4ef65de42e8a6b1,17
0x05712283ba47d16b031eb7f6072745c7a7321727,14
0x0571325cd46718cd9445f082332a4fd9a21b8498,18
0x057133a32605786b58f2609b5039dc3c07d53146,12
0x05713c196b863c8ba4933cca08b2d354700b89e9,14
0x05713fcf00ea34cf06aea9fdeefeb3bd950a3454,19
0x057143b4015ee06fb345608e1d01ce78eb2f34e9,11
0x057146d7038e7b8066cbc42a586e2dd028e78f00,19
0x057148e359dc524166a373fce187d06c08186eda,18
0x057155cf2b6a9cce74b234b7f7d85fcce7dc4b2e,15
0x057159537efbb2d2520f7ea92d5c37e8ccdaca90,18
0x05715e3f312a524d944520429d6dc8b4d78f992b,16
0x05715f9934c3ea7703f3e09da1bd7b9aca08f115,18
0x0571643cafb790cbff21484725711f144553d7d2,14
0x0571688551152bcaea32651f3d14c5dea33d56ef,19
0x057169a8bdbf152ce0e6398f4ebacd0a64d302f0,20
0x05716c4cefc0674321d9ecf6818e5c2d32f06858,19
0x05716ccba8bfe7d10e70cafa2d45ea4bf259cf31,17
0x05717039d980d62899879f3fa5eb23ea0db71ed7,16
0x0571783a8d03597f47299d83b64456fdc701d524,18
0x0571796e92b2cbc1dc454ff2fc393ad7c329de5d,19
0x05717b551acee0bf9940a3223bbb81e203aca3e1,14
0x05717bd57394cfc46a35a014180f25c2e8080122,10
0x05717c5155edf907276a44ee7000db1c321630be,13
0x05717cc2fe5ff9b26d973b53decda21c1d763cbc,20
0x05717e8b684438030493fd164688da7ea0573e01,18
0x0571822d3929157864c4bf6079639f5cf5d852ab,13
0x057183adee2fe327c7eb6936aff637dd5245b21c,14
0x0571859a3fb156842ff308589c9a25f8c2237316,19
0x0571865dec5b217c154a2a07dd0072270e700caf,15
0x057189bea916e1ce8049b27c3c2f8569b4d4cec4,20
0x057190c50e4da8c749311061e3314f501d3e339b,15
0x057190f02675e8b4fe3de950688aa8a7edcce99e,17
0x057192ab631bb313bc33450c6291eb0235c0f1e8,11
0x0571943347fbd80d92572d3fd26dd146d2da4259,19
0x05719660d4ccaa662090c339732d6ff3c0d74b41,20
0x05719a474512678c6ecbebb02accd05c006469e8,13
0x05719bded73b91b036e7b184665f3162f42cc514,20
0x05719d8a2965c44ced684d8d92912dd6b6feb04a,14
0x0571a2dfd5d5a539e5a65f79107fed175be74943,20
0x0571a7d6e81afd8665b2aa1ee2c9f0e4cf571f22,10
0x0571ab6d74b15ca2dcd5e729624a660fcf50ce5b,19
0x0571ac15c4cb3746dfbed6611c75d64004abb102,16
0x0571adf0655e08f910ecd345cb97e95428423fd8,20
0x0571bb0c942167be620f8848e4dcb4d4597a2b8f,20
0x0571bc166cc6511eac6837dbaf79b54b0dea12a0,17
0x0571bcb3824fc40822226e2a8d7f83a45ba591ac,20
0x0571c0e24304c834796acfb34caac4586ed27c62,13
0x0571c15db19f365505edeba29c2d7e8cf420f368,12
0x0571c2ab1fcb7b34a0742df77ff688f30d64b3f9,20
0x0571c2fecd63c5c8bf6ad4068a2ebc2a026d0844,18
0x0571c6719e43815f2b83e50988fe83cea9a6e322,11
0x0571cf37aa113ace79284543dcc03aac5ed4c532,12
0x0571d281c37c1779a914ecc8019d6123077cac35,16
0x0571d3c73b91099a9bdc3590eb9bc94203acaa1e,10
0x0571d4d70141f27e00aa9b70707e639fe2585abb,11
0x0571d93fa63f7a474cb230841fdf419831163882,17
0x0571e13aca278edd772144f4db20ea9f564a89a6,14
0x0571e56ad815e87a9a0443b35969a950a149fc16,11
0x0571e69a0369b687bc08842c4ad78c1a21e77cc9,13
0x0571e80e4ee1483b8e14118e2ea1d87f68f9afbb,19
0x0571ecd9626e5671ea50593a798db433df655c3d,18
0x0571eebb1425d5b93bb308e570d4a943e00ba376,14
0x0571ef5045598097c1f8a0ce3bcf7614c5c76c44,16
0x0571efae0eb216f3a614925e53afd4fa83677289,13
0x0571f089cdc5871f2ade549a81211a8b4c3dc31b,11
0x0571f35ed0217b6791545a3ee3322df44433251f,12
0x0571f584a352302ef1caec68addb7afbb0d9fe24,15
0x0571ffda99cdc1250b3de4ba2f9c5ccedaa00505,13
0x0572032666758b03e08b35e5dfb3fcfa99940f56,19
0x05720ba1bef79084dcfeaf6cb0c1cdfeb53303c7,14
0x057210c3b8141648d25684db101440688ec0f2f4,12
0x057217b1678a58516e1c491881f6c9f4958889e9,17
0x05721987a8c50e2eb4f001764b62a6634c4a7548,10
0x05722afb2f7cdfb53dc93039f468ffb73f7cc8e1,15
0x05722de0a1eb47c5310723178cf204b882fb7a2c,14
0x05722efe5eeaaad1985634c11a826ed91ab7fbc8,19
0x0572377d90df889388eb6c1aa4583e017533dc55,19
0x05723bfdaf49806aefad4cc2596e30c5a0e6c177,20
0x057244fe52460fac199e3773f00bc68361f5a07b,16
0x057247ca3a1835e0e803dc688a621e093fb3368b,16
0x05724afaebafcf07376e2e38b9c64aed5eee398d,15
0x05724b10ec7ec334fe5f32879bdd20d427bbfa93,20
0x05724d396d5f5381ef2b1c60648bb61c2d5a2229,17
0x057254d31c4cae00c8b36b0c91758095725dbd8d,14
0x057257dbd882d8e2dafc1bbbbf9d0413bb6fa50c,17
0x05725a0d98efbbd7553f654cd6b937bc881a44f6,16
0x057266e87d068b57a0a3294b75c0e1ffb815d757,20
0x057268907a8e4ecf3586799ca291edaf533ae010,17
0x0572694fc30c1ca55ab4222f3761c29c19ff03b1,12
0x05726a0a9dbea7017efa590a20d38ac39c7755c7,19
0x05726e99e79a0102bc20fb8d7533cb924e25ad38,13
0x057270d09431a64b68b8de53e93b320953f0b407,12
0x05727355112d29e2f3afc4c69741b6f1736f4b73,18
0x057273f47478f0427131c797e81c7332ebbb39e9,19
0x057274d191edd074b8460f5768387a6c8b6c5ad3,14
0x057279c5597c4f64d127b27fa106b1bce74bdcef,17
0x05727ae8233e3f822354255c1338fd6146173dca,16
0x05727fc9c6898e819f84fbfc42b83842c33f9e40,16
0x057287a3e7b5cc35750d1c1d981802f6cf496664,18
0x057289990f281c7a63ba0f8d55af9292c20f3b18,10
0x05728a06f6d55c83c27bb9f4e345c222367107f0,12
0x05728e73b1740bba3fda46c2a0fad3c0de7d13ef,11
0x05729176c636c11c9e7431be5891454251ac4acd,18
0x057293651eb79f967decb0c589838b3a29ade4c1,19
0x05729d5ddd09b96a6fa0e878f916de5e5a97f955,14
0x0572a296ffe897f10683c8891705c1ac69af8c59,19
0x0572a9383b335e9a04dd283a0aef617c1276c40e,17
0x0572aa846ef6ac5cb90e6854145cc14b9b5fa3b5,18
0x0572ad101e9a22e162a52485ed67b9e32d1dddc1,15
0x0572aea495d715432a9c0b399b3986c5b257e4a1,20
0x0572af81c00444a24995a3f70aa84d0d655bab2b,13
0x0572b1315aded98a633563d060e269327c90b334,13
0x0572b3ad97e1437f7ce587006652af49b5808cc6,10
0x0572b4ab424221c00795736b0679efb1e70bde09,16
0x0572b7710edd76772f7e064c0bb6a22674bda6ac,15
0x0572b7bc0705272f28f49f8273d7b9e2c6f636c1,20
0x0572ba67b77be5301a33e327f2f9c4ce293ea8b8,16
0x0572c3126dc139ca980aa0cb2224cc3cb875fa27,19
0x0572c65743b49c49f179d266b23bddf53c307bd9,17
0x0572ceca80e7f79cb00e6c343bb8ecb3a53df4c4,17
0x0572d168e62a4335e87ea35a67db9c28626b8a90,11
0x0572d5985b569a5ae0a4967f778d8ce9797c223a,13
0x0572d90abf76f9a65fad556a50a7330e8b5758ed,19
0x0572dc7ba327a2f2277b85b0f68dffe95bb717c1,13
0x0572defe3685cd1afee5feb768d068232b163c84,19
0x0572e3fccca696b9359061cd9f581a7d34ca2a4e,12
0x0572e8bcd15c0f4bdc1aeedb0ca00c4dbaa18047,14
0x0572ed108f2caefd21d73eb7cdeafff06b974945,20
0x0572f072927a3d56a23c455a4a9ba55964237471,14
0x0572f2c10d4fe9f830b2d3d5c04f788d53b1b95f,16
0x0572f6e178fa5a3f6fa5d573eb4c57c89708e265,12
0x0572fb075cc21c287b8b68f66e19ffcbfb5d640a,12
0x0572fb6e66c977c35944f60be0dae45e691194b3,15
0x0572ffb3d35748327ecf6512061fcb042b6d586d,17
0x0573033ce5f8a68162c09d1c192b1f32c073a775,11
0x05730858fd2ca1d925e235b4ba96d1126e3d708c,19
0x0573141d32be3697cd2daf826102fa2851b72bfc,10
0x0573145caa8bb4d751faa4f3392db3960f9d2c40,11
0x057314d066f554a3c12144584ac99b6011be5e73,10
0x057314f4450dbd60bb82369eae5e3b45d76dc8af,17
0x057316d55443ee072bab62a01e10212cc35adf62,20
0x05731c9518cd74b3c1e58cfa3a3e61bb8e540fe9,12
0x0573246043b657f50515d52e79511ed9dd5bba5a,10
0x0573251112e6aa77249cfc7906f9eec8af60d8ef,17
0x057325a519db2aab6b4056e92648e364e464ec66,18
0x0573291c02d74cd7996a775889cd2aea26fb246b,17
0x05732a8ff75a0cd551a8708b46a8d2204f69c86f,18
0x05732ae91dac37a96b7a6c563baf070f48ef76d7,10
0x05732b53edf33302f776ce4336b40fe13a745291,13
0x05732ff80accc54796f34e1f40be5495e346a439,12
0x05733516926621bdf8549304e52ec0efd3c1c899,14
0x057335ee057ac1455ca20181eda03f1366363f09,14
0x0573376ff4b19823a7495c0b401237a4b85f0512,11
0x0573398146604aa393cf8205f18abe597946b792,18
0x057339c0f3273ae48c9bc424c2ac9cc8aef6d46b,16
0x05733a3fc98df65b0d9735a69601e6b7e277e9cd,18
0x05733c03049b365e180ebf1d422b0769937496dc,13
0x05733ffc420473829cb73719b73ed8206774bfa4,12
0x057346527f3be55835dd0ef36131aa43e9561e00,17
0x05734728cc02fff5b04bd5a4e4ddd749e1e26ec4,10
0x05734e18c72d86f39c319672073aa7addbaa76c0,17
0x057350f1e6e2a5390590f1d27e48410e9ea9d910,12
0x057353f465aba5d11084a5e927ab2aa8869969fc,13
0x05735da13659c9b4627a60c2a7f7feedc7262b2a,14
0x05735de9d774f895814f829731fb8be25a8192a7,13
0x0573645c4ceccdee4575abc1cd1505ceec74bbc1,19
0x05736b16c2c58d52f8efe5ce9aaae5af26d11f40,14
0x057373e8e8ac1c6d340af9a97ddf45d312e470ba,11
0x05737a9c5aee1d2c7c9da49bcb756996217f560f,17
0x05737ef05c313bf62dafd4cf32d669075e5eb450,18
0x05737fde116c2b22844623ed8631c44871d62763,10
0x057383c6729d262b58eba122a80885859fe99d55,17
0x057385ce88da6e3f1e4b7159d3d1f738f395a44c,20
0x0573881a7f74f43610fe008fb7e52544ac0fbbdd,18
0x05738a4824ff3b4398369c78012c04b775dd9be7,15
0x05738e19eb453b375a9df40fb8f24fc82e4da591,10
0x05738f2511d1738a0273d68343afd24663ed799a,15
0x057392a9471179f890deeca92f8d447d879e598e,16
0x057392c0dd282a6c30534f5e7080b9acc7223c72,20
0x057395320cb09671f532b2176b5cd949935bf226,19
0x05739765e47c041d7f6453758086e5529703d2d3,17
0x057398044c32b3e38ee2be5114a6090071df5c38,16
0x05739972fcddba08128a275207e99ebe6d8f221d,15
0x05739a3886bab470bec47b7e21dc4cbe0f4ac123,19
0x05739ab37712f7dbe90efdc3134131d13a52d53f,18
0x05739c6f455e9c0b1695c6dae23a4d224f432ab5,20
0x05739fa0e8495a8158474b1ca96c7a6b97368e80,17
0x05739fe44669a425d5bda2b95cf35d3e95c38174,18
0x0573a68de89b5050fe99085780c52b58edaeda11,11
0x0573af659e0468fce786bb9cbf8334df2bee7c51,12
0x0573b057da7aa15379f714432637a94d51cc1ac3,20
0x0573b19555c9107b74223ee91dccc4d9323727c9,15
0x0573b2273eba927f631e46c50d4a169737031bfe,13
0x0573b3e5db1855940fcdd1a5c587195086c26029,12
0x0573b48cd681560818e1c6f5be2dee53f2807bc6,20
0x0573b70e6c708b9b565c06319ff4536ff38895c8,19
0x0573bac1ef5797442089907e0d171165d3839cfa,18
0x0573c32953a99ced6f5789c5c718ce8967e05e9d,18
0x0573cc5cfb64f75bb22dee682b2da85d3307ac85,13
0x0573d247b4c4785dde05bc345385f63152dd852d,17
0x0573d78f02bfbbb50ccc92ff06bc8401ecd6f0a6,16
0x0573daeccaecaa04b941133e2760c5f2b9de7e28,19
0x0573e04c8cd4c87f704ac330128d38287bbfb492,16
0x0573e821eeedb0603df4e11dc29222e113210529,15
0x0573ed5d3d897bad6fa6f1c6b687ba6c91d35e4f,12
0x0573ef3e3c7d7aa7a1023fde8b3f59f2639cce33,19
0x0573ff02dda230584d4cefd17126b71d5739c3c3,16
0x0573ff9ac11b394bf8581f222d5ca56188e5bd6b,10
0x0574024755c407423550590f0196105e93e2c004,10
0x05740585c1a51b04797f89bd967255b726663a7a,11
0x05740b33d37d67fa7f2c58a969291ac544b388c4,14
0x057411192091f06cda962e09373002eae1d0284c,19
0x0574158782407ca6cbea2f1e815a74ab38669aed,14
0x05741ba335f57e393f160885af6cc72e9584ff1f,10
0x05742734b72113fd5dcdd83e40cf635f53dc30c8,11
0x05742bb8a33157969695e5f82abb5d0a88dbcd64,20
0x05742fbdc934334e60c5ce63f7d9e38fd6461146,11
0x05743b2e1093cfcd851c3505876d7e5a864a4fad,11
0x05743e384dcfa1126a25e158fc2c62b470838da6,20
0x05743e820bc248e48d7b818987dbde4fe43a19f2,12
0x0574421e1ee4e01f119a47b7b218187f226516d8,18
0x057444388ec3199a4dbdca2a2ad6d821bc240441,19
0x0574539e503ef96aa42965604419ee50391c4394,20
0x057455fcb409df5904b51dcc2309f8b7db75f2aa,11
0x05745a30dc2eb2b8e4120f9fbc271b11d82a1f89,17
0x05746544f63b8af25752e503212064eb5f3b0e53,10
0x0574654b25cee1b5da6ef5518bcdec71297eac2f,18
0x0574670f84c73db4927f31f00ca0750c2731b56a,13
0x057467b7551f41ddb38ada0602defe8f6e50d156,15
0x057468876a5301b8b2ff8062008c510f4920af22,17
0x0574698d7b4d0a355739c18038f7f340c05c10f7,11
0x05746f8d4c7e68ae389f464286e73fea12e9d7a4,15
0x057472481370d3e20d2582ba73213723d4255c44,16
0x0574724b946ec611394c17a1cc0074d8e991a399,18
0x057472ad00548c7ada4f85ef89baea7d4a11e104,11
0x05747761db5f1d62778fefd426388c685019b151,19
0x057484f5d71cf68652218087699f27e92204a2f2,10
0x057485123266c07ae4daa813cff01b2101b2d472,19
0x057485cb40652e84ce257fecc68567c5d656ae9b,13
0x0574882e589c5c76cc98a2a453628d689090cfcb,11
0x05749314c5a7f207fb55ceef749e94a227982a77,15
0x05749362f5dedd85ecd59ed467fafc6e5db97475,20
0x0574941156a691647359ce8cdad139f8cd19ba0f,16
0x05749ed9c3e175142f73f4109d09fddfe80f2daf,15
0x0574a1891eea2a1a46737e03023a0aac7cf31d0b,13
0x0574a914a6170fa0ea29a112c02808150364cd81,18
0x0574a91741197f492710201850973c9bea62fac5,14
0x0574b028f29e47d3fe00823417786f9a8ae25284,20
0x0574b165082ae86d3f624e7f9212373f2a5ebf0e,18
0x0574beb2852aabdd2ae07cbf89093261bceee4a7,18
0x0574c1285ec3693ef726e7c7bf578407167a694d,16
0x0574c2419898e59939335f751177667946d98f3c,12
0x0574c2c7e39633c3082bac97a3b620d0e1634500,12
0x0574cb4dd6f86123e5729a6034fc076950ef02d4,19
0x0574cc768d779740173f6ada32049c2271cc7a04,18
0x0574ccbe98331cfe35200b2ecb65017d4886929d,12
0x0574d00a93479dddfcaa0172392d69615435dfbb,17
0x0574d1fe0ddbe32a818787a5545695d46d66ac69,20
0x0574d5278cda1cc6f7154c4a55e88c1a2979dca2,16
0x0574d8e9dfd5c722fff866b4aeb7cdba5ad4d5fc,12
0x0574db016d004e184e243588c557f758caf5ec04,20
0x0574dba93394f2d72520551bc63512a59c6b412e,14
0x0574dcb8f86a0ab2a9cc3720d3d7b1362b3265dd,12
0x0574de1e32e18fb8e4ff3a8bff8581308e4f8d76,17
0x0574ee3d6d9aed94e1f7675664bdbbfb40955918,12
0x0574f3f4374a3f7290644fb1c8ac3cb8b48400fc,14
0x0574f7fbaaaca91ed15141141044ec8aa066a2d7,11
0x0574fd373b07b8e9c1acb1c98bf83332efba53ce,10
0x057500675e984ebfa3b7235532307f841792b0bf,20
0x057505946e3185b1410ee44435b217ddcfa411b5,20
0x057506e5b15f85d7ecaa82a0327fdbd8021f8f55,20
0x057507665b0d771c295b74b7eba252a1c47cf65f,14
0x05750b357ebab3780e562ddd560b2fdd0b0f320f,14
0x05750d1b9d04a663828b80314ac0376790af1af1,14
0x05750fd30f0813ea62a148ebb92c2369ddad613e,14
0x057510005e32c502dbc5da9ecb758e9e28578735,20
0x0575109c654c284cf953b393a0856bca3050a0c3,15
0x05751a3d7c69fade510143511532481e6ce4bb3e,11
0x05751c0761b58e0a1c185a6142d15be693cb7beb,20
0x0575218bf70d184f70403490bdc51e0a5546b9d0,17
0x05752bdee05f199ff0ae88510eb94752e858a5c0,19
0x05752dd5a7a1ab0bec93c50e1edbdbed0cd6413c,18
0x05752df73863ddbdb31901252b093af7174023eb,17
0x0575359e56e2be97da052b3992d27620006ac200,17
0x05753bbab26df6be2558748ba13f9aab330ebd7e,20
0x05753cdcefb870b0a6005cbbef23e0bf185e9ccd,20
0x05753e785cdb7063f3de53ddde2d0158aabaff87,20
0x05753fa3a9c0e912328b4158d4d5d1a77aac62af,17
0x057540f26bee8db26055711595e4422423a4ab37,12
0x057543936a56ced367ed0cf9481ce47c50de0632,16
0x0575442096700cc7c1ed05c1e9652e131be9a485,12
0x057545ff5056f81b490da716f06d37aa700db434,16
0x057548d2bf91b85f7025ed49f486c7076d412b45,18
0x057549987e849d4dcc9497fdba64abe6bbfc1e62,17
0x05754d9584f9b79663ff1a17e639dc40d7358865,11
0x0575558b6bbaf819e74e585ae93b5a6f08515cd0,19
0x057556ebc547f5c51ded017657bd5cf0dd52a875,18
0x0575571544bb004cd44470319db7153bba93e4b2,18
0x05755bfb5407eec3e6ebd0d177d693945cca5859,16
0x05755d439e8b13ce9093792227d57585a90defdf,18
0x05755ed84bd1e66e3d31923e61486c197071f79f,14
0x05755ff906d5c0b4b01d4ec19bcc6494cd5a5e7f,19
0x057564eaab5fd86f953fb89608233b1724cb4f23,20
0x0575663df12bd6ea9bf5c806ba1a04cc627d4ec0,15
0x057568db13b2e675f91b940c15eaaaa1f3eed278,15
0x057571aff6bebb63b58916b798edc19b79402db2,13
0x057581192b777923cb959973a2e90095161f310f,16
0x057582513721dbdd19aa4ccb1a431ce532442955,11
0x0575855acb35db26d1dfec9d4cb7821ec59e6feb,11
0x057585a235c4a33c13a6b61f482410e5c4816074,18
0x057587e58e3c0467e163c3091b825d9f3af49d3b,10
0x05758d92d84ecbd26eaf8f43bb14d5962685e9e8,10
0x057592807cc104c26df28d60acf19d625fc504a7,20
0x05759bfffcb1d9955fbeeb9e7c85a8a3bc3965c5,12
0x05759eb16e1e33571e46759cabbf42aaceb17c5d,15
0x0575a00297ee85a7cece3fce597116bb38a1698b,19
0x0575a48914274e69185c807ea794423191d38cf7,14
0x0575a89a83da48b8e7446cca972dca50955f6068,14
0x0575a9a2ec8d1cc5c4879f9b9cb43502ab111f8a,11
0x0575af9022a84e37e3f38a668ee1b5bef0e7da8f,15
0x0575b1f45bb0bb2c0e14804ab30a8810610e1011,18
0x0575be84060b6f599cf87b81291585c4a98f7e51,13
0x0575c2c762faca31d9e72b95b4ac0a9ed78b2328,15
0x0575c68c7791364454792b22e6219019d2838a8c,12
0x0575d09435dd56c5e1a91b727a018392ba534c1f,16
0x0575d24a1ff631651bd3808d8d83778e1f1a71c6,13
0x0575d2b1356dfa7857fe6182160e9462d9bd5fcc,18
0x0575d71dffd14deea1308cafc51872c3b984ac28,13
0x0575d7f80ea94f3e6233574b1207d1432ba91536,20
0x0575db3381201e1d4473395b25f77ebdf3a19006,20
0x0575db6d83018d9a93196f531435c48f8136bd31,20
0x0575e0aca7ae586810945a9a1bbd2d7e310cf499,13
0x0575e656ed1b31c18aa791e3d17ec08b29df6b7d,18
0x0575ebd844648b73a1da899483dbcbe6ddcb5309,19
0x0575ee55702d3dcdd63614baa3ff7b3e123ddb13,13
0x0575eed8a673aabbdfc90142b1582127a1c2e172,11
0x0575f3b2d54580a0007759b1d9d2113b98b006ab,18
0x057601970955f7cb373c0eda9e742f0cee210427,13
0x057603341a906fd59fd10963db9c3c74fe24952e,15
0x05760688b45d85b078d863bb234fabea9b81788e,14
0x057613c9088b6e200988f80705e1481cd777317e,12
0x057613e7b557d62e98260bb9888d13724999e752,17
0x057615ddb8586be3794525e656035151660711c6,13
0x0576188210c0ee37c593f49cc8970956d2a7af99,20
0x057619ecba2982ff841b3100e381bb5888cf4404,11
0x057619fb8f134d7e18f14386e60e423ca66e6be5,17
0x05761b9ad1eb1cc2339b776179f6d11f6a4384e8,15
0x05761cb85818fb6d2e7255411cec9e1ce19d08f7,20
0x05761ec7c8fe73b1acd6d6ab12bb311f75771790,20
0x05762269e323c50765f0c1e52c4db98a82eed479,15
0x05762686ed1d2a348bfb894e9574e172429dc2fb,12
0x0576286ff12d936b704e70fd99b09895645916cf,12
0x05762cd239dd0f5be9bace4c4121ff9e9b0d565d,10
0x05762fde7737164df4015a9865be7a41abf8a8d0,19
0x057630c5b263a2589c315dc41312954edc43b677,16
0x0576317a3ab18648493c05d4b9a6eb89d23a09c3,12
0x057634e7ccd189989ea4ad3d2919f9d09fe61a6d,12
0x057639b2f72171e3deb635ed33cafe5baf8270ca,16
0x05763e401b56c997a5152fe4ae13b8d746114605,16
0x05764306da4de6f871416fc2b9061eaf38a1f9ba,20
0x0576439c62dc488c6c3a97ab74c203fee7b2bf5d,12
0x057644ba7988bfaa5f9e2a0b3b2d101f0d42f2a9,14
0x057647e95ff7adb31e9871a306d5e923dcfb75d9,13
0x0576498a7615cdf5f9bb4b8d4b6fc4ca4ae2fc58,17
0x05765336b6fe3992353fb37870915df253b83e6c,11
0x0576569297465c62aa71a1684e8eefffa78f302d,10
0x057659b1a50caeb49d5a93c346ef30bf77e1b986,14
0x05765b0448159d4aa2edd61af55b5ddc92acb7c4,13
0x05765f23f43ef45d027f8370de659fb7b1393e67,20
0x0576664b0cc5265ddc01de7fedfb297044ba4796,17
0x057670a2a06f2a0766ae098057557fa7814307f6,10
0x0576711e5ca48dac4a461c01666cf683b704d6d1,16
0x0576714b26b2690a8ec9f68519edb750b12b0fd8,12
0x0576823e96f23fc8e77345ee06962df4ddf7924f,13
0x0576833fd1c1229ca25c5a9b4170f5bd6862dd29,10
0x0576844dd6e08ddd06373745863e9584da0cfed1,20
0x05768d3718435c6dd394b07a06af1089d833a7c9,19
0x05768e28bbef40d1a0a2a623fb3e46a7f5dedbeb,19
0x057691e7cd0926ad747429fba1eccde1828e33ed,14
0x0576943ce3e12648e0412f10c9b1a9416ce7507e,10
0x05769943fe367971863216895d06bc4ee58d01b8,11
0x05769cd8b18f6ac62b75aeb005d67169e12eaa43,10
0x05769d2b5e19310e01d81f6170dd95bc78568e21,15
0x05769e6cfb12c830b7d34077e87513291261ef78,12
0x0576a1f5b43a4d7edbf357e44f0878432fb47cf8,14
0x0576a55bf26e02be93cade91c80a5969e37fa3af,15
0x0576a667eda71087dd553677bf0c42353453b237,18
0x0576a66e7e21131ecfc9ee400bb41d9fc17e6c26,19
0x0576ae6b1e14ff6e7a987feacce3369f7043a19f,16
0x0576af85a3e04bb754b2ed512b800c96d56186ea,15
0x0576b0798c8dc17fc7888b73b70903e21383f429,18
0x0576b4445643dd2a45b83ee65bd39cd67e826a7c,11
0x0576b6821a255f5207be755d31107bbececceabf,20
0x0576b7c3a656c4aa1bb3fdab216b9ec78e28ba70,19
0x0576ba7133ccc86067b6e12c7156ad7fed5aa30a,12
0x0576ba72dac64f9e2bcd3d9509fc75b3d71765f9,20
0x0576c1b1a019dfa75bbf8857d70bd1353fae3f6a,12
0x0576c97abba25bae6be6c9ff13decd1534780806,17
0x0576cf3d5fa6780ed1917f6a8415cf6f98559a63,11
0x0576d5332fad8424a22654be0f13a6e7627d6d58,13
0x0576d9cc483a25efa49cad88d0d84be14c6d18d5,10
0x0576dad0dfbc1ba3b134f6af3ea15d11cfdfd951,17
0x0576dc046a3339349baba317a71f533dae070d16,14
0x0576dcd53369914527eb2e7e7789fb32efb784f4,16
0x0576ded9e6769fb24d75d7fa6898f0e3f146b4e6,12
0x0576e6cdb904f70c4afc9b03be79f283178d1e8b,10
0x0576e6e934064b9e51a49fc4a3a5533926d5debc,20
0x0576edc09b1ab41057ebd486f8ab0dda6f54bcaa,15
0x0576ef91b4b5f85140e8f27f17c7557754ceb921,13
0x0576f04a3fd727482943f1209ea53f05a7044fd7,20
0x0576f17d5f308864ba0c9d402e9c38794023a21e,18
0x0576f1edb016e056500f5dc56cac55560c358a69,12
0x0576f3f75191515b226c16fd56be63210d2dda5f,17
0x0576f5cfec326ba1dc71f0a0c79a3ae4f8de896f,17
0x0576fc9ebefeeefbd600dd6dce807476b4fa8c12,11
0x05770369d16aaaf2bd191bc967aa2312c81170bd,13
0x057704dd170fee63408d0894346585f3b84e98df,11
0x05770c3f66c104407469b88dc34537eab4cb0c67,20
0x05770f1e15d15ba48807bc7acd366d9712b7d0ae,13
0x0577147898ca20eb81e094a1add902db9dfa0c39,15
0x057715886e7074fbf9e8c659c047d95bb58e38a7,13
0x0577166d7f5616fe77c20f45bc386dae7bbc641e,20
0x057718ea19b1ce678e8f528bf6bc4082ed2a7f86,15
0x05771d7def4985428d4fc8a2b5a3005f0089d27c,16
0x05771fffbb9283a524d15487481105ef23764e12,15
0x0577213bd3d71c233b7c88c957f93aa01aa611aa,12
0x0577280596f5d5b707dcfae300305a1cb1f2f1ac,19
0x05772d337a898e1ee2487205641f210993d4827b,17
0x05772d6e497c3092e519b72f6d0ed4da1420b6a2,14
0x05772ec3d45f1d03465e27f2189f572968023b90,18
0x05772f8a242029a60250676c590b0db0e954e670,19
0x05773123eecbd76167e5afc038a26aaff2eeefaf,18
0x057731ad19fa5cd79f1b23163199ca609b8b7091,16
0x0577347617587725afee769dc393e9b44d0a1aad,18
0x05773743f229e44e6a0de68d40f0ead347a57041,19
0x05773a444ba49da20a15adb168d5b739452696d0,20
0x05773b4fc165d67131b52553dbf19e8394637bba,18
0x05773e98b12143884f9eacf5e219937327d6abed,16
0x05773eeea624ca1e4df7fbf6b590e5947fdad429,10
0x0577435d7e85d14af8c2bc65e53c2213900de936,18
0x0577455d0b43df7add66e199a4fa548996223379,19
0x057746af7402aa39c09055c96994a73d1eaeab2b,17
0x057748e2b33e3086a1e680ebd6512f4eb4f836c7,16
0x05774a834db1cf7933a639a95f4f0fd0af84cd95,14
0x057751e7c0a102dbdf3b7bbf0464c4dde217f75a,12
0x057757b53f5e27823a9e71f0aa249ad87c1cb2bb,15
0x05775adbb1697a4a15faf973ee5271da831a675a,20
0x057769031b0b9389a1474d7ecf7f76a555a9698e,11
0x0577790f3488eb75db8b370ad6a5ffd75bc4e88e,12
0x05777af33dd8556a40ecf1a00cd35cf5ede9ba8f,13
0x05777dfebdd89e160bb8eff3a4a9f9db7812165f,10
0x05777efb22370aa057df233d68dbfc7eb203dcd2,11
0x05777f01e1cc322b53034c84bbf2df876c46824b,19
0x0577827b5d0bb3cac20e57b3e7469c7e2ec4eca4,18
0x0577835adb5905fcb21714c0082a8bec399308ce,19
0x057784ad4c8cad7a121c52ed3a0b6a2f063c2d26,13
0x057784d64e4c7047480fc685bd02e201f37cad07,12
0x05778c5f27a7d9a98f0088875fb8510efe62f52b,17
0x0577939af34e2f0da9a58f70535723eaee708dce,18
0x057796a082cac947935169bac02796eb6be8369d,16
0x0577999cd43f178bdfc26094bac4ab3e981105c3,12
0x05779a13e287ff5d4c9cec662044d8af9c4f409c,12
0x05779bf88fab1aa1813e1eab6da49999dd16df06,14
0x0577a724dc2e155cbc606895d0309ae1cb216aa8,18
0x0577a77d33a2555f413718b02bd613f97f1d254f,10
0x0577a79cfc63bbc0df38833ff4c4a3bf2095b404,18
0x0577a7d0d1561693235058f678484eafcc2db3f5,12
0x0577a8d72797dda3b355d67330ed5f79c44d97a4,14
0x0577b57ca07159390e6ce09068ee4ac6685eb540,13
0x0577b5fa720db78e082503d6a6abfe879139f27b,14
0x0577b82ad679165f40c35f83157c7299909744d9,13
0x0577baec4faebf73a34fb021d41409ab1f69d1fa,14
0x0577bf4902b4e67b07be1930644949014aa01ad2,11
0x0577c011f0085601adaeec7df204d0e263035113,11
0x0577c0bf56233b229a304ac118fd2fec92343adc,17
0x0577c60be692616b101dbe6f1b994791b9a72f9e,14
0x0577c6c66a7d93f95a534be801f9900484d1960f,12
0x0577ca772b7210af69b794ddb2397e90caa8b432,15
0x0577cc490dec104cce0319875bd3ba06eda62b7e,15
0x0577cd3fb146aba00682c600c1d4f626f7e631aa,20
0x0577d6d391856608752aa4b1a2a30bba61878fc5,17
0x0577d7557151d4885c7ae5aa63ed56c0c46fee89,14
0x0577e11a9d21562c3daeca790ab10c68d29071da,16
0x0577e1430dcedb779ac608801669dfca515c085f,19
0x0577ea90c71a2f5be83d07e14a6ae172cd26344d,18
0x0577ed7bdbc8197d04f3d252dc6a5c1ac3c95e19,11
0x0577f5c79d3b8cf61b49ceb0eac217fd49818c39,14
0x0577f73e3ed852d873889496eca8de80439a32ce,13
0x0578010220935a6f09a8a97aa616ade37f8ea540,13
0x05780a5223c294b9412e164d19cc2832ecd9ec15,17
0x05780b2ad9432d10c0bcc06ef69867d972de9309,16
0x05780d1d293005791f57e531fdf5ec29744b2d77,17
0x05781726ea934e0aa5101153bdaf699d1d154fd7,14
0x0578175fb79b602c7cd06df0a3dde50bd990931b,10
0x05781e5f4641fc2d222a570f8957689915ce206c,16
0x0578225b82a8f94ca946db62599445e8d5e8b970,13
0x05782487814e93fcf7303d4f55114f6854d063b0,14
0x057825209fc5c537706adf9c4401f316f1c0337a,12
0x0578255c5d9a177b163f60b548c080e69dc643c7,19
0x0578267572ed49cea6c592876d2eaaee06ea48a4,17
0x05782977a48cad949c60fbc5e38c103de9225431,19
0x05782f18a4573f096c96919918a8b7d0032644c6,17
0x05783086bdf1c679d6bd60da02edffc4e87c49a1,16
0x057831b72b79f3ec3a97b1d4bd3e4fd93826f2d6,15
0x057837bd25c7daf71442cec27c121aeb6f4e073d,16
0x057837dafb539e207c663eda53e6ff6df23c07fc,17
0x05783a88275603e78e9c57ed93d09c927ab00663,12
0x05783d467c7da90f36a7cbd64989d615664f28e2,13
0x05783db9f61a2db1c2708fe21a590ba052ea380a,15
0x05783ee9bd2ccfd773e4e6dddb681f47d19b7d59,15
0x057842df071bdc574ae870de42af00ab2217e044,18
0x0578430420bb578d368d87b3f6f50210ea9e9061,15
0x057844df67baa9d24ae769fb66fe4bc4168a9b6d,11
0x057846fa98b2318d4ce9a992cff1544abe8ff958,15
0x0578497fe3763fa6abb07e0ba13118b9054a7364,12
0x05784ac3695b71ed04ac7cd3ea65964ca5599711,10
0x05784c3d87eb0824f16c89a38d59d8907127fee6,12
0x05784ca70d4e90e14ddeeb87f67b9e6c301da02a,13
0x057853f722e43dac98898412b8d391bcd65a558a,18
0x05785615c34429d7b93947429ae5ca4b2f5419f3,13
0x05785b9286f07205726f0d252a9fe8e98668522e,11
0x05785bbdcc96dc7ec836a06c92b2a50544744a28,11
0x05785bcd4f6068445fc39ab485ed6b312b996108,13
0x05785f37657ed5022a2d098a4b91423736ef2799,19
0x057860362d861bee741074a137f44b73f9ad6549,16
0x0578660678c0eb10154edf4c2efe1bf88aabab76,18
0x05786a639ca92a522b68f807262730191d792dc9,18
0x05787050fc610eca50072cc1a30167eec67235b6,17
0x057877bb6ac2c3d4de6fa730bb9c56849bd3dd95,18
0x05787a856be938de3a5f1dfc4b1cc01a3f047811,15
0x05787c9762723ba6fcfedebddcd09540533ea695,13
0x05787f009721393102521f9e9e18ec3dfcd6f92c,18
0x057880a01ee5fd127abb0d122a171ffe76962e15,20
0x05788176e16767567cb48929f3b904e0664ca87b,13
0x0578818b7c6b503967b81408fbd0967889e174be,10
0x0578876975a6e3baece5bd5a4be41d4913725185,14
0x05788776f09d456e5a2d794b85051ce17241e941,17
0x057888a9033102bdf7e0a3f4024322e24e460070,17
0x057897dba2b5075da05bacc55cccc25bda0c7e69,12
0x05789962ba1569a52059532d182f61e07d67d30b,12
0x05789a44dea38b0e5392e1346e67d1c17e4ad2b0,15
0x05789a46861397238fa3ae14b0145e869d0e090e,20
0x05789aee54ec7e793cd86d6252de0ca9bc734e66,18
0x05789b7bbc879cd62b93cf1b34b9746af45c808d,10
0x05789e028182d3decb286e41551bf7af145cdc5a,16
0x05789efdd4174006c2e8d6776d236eea0db11543,14
0x0578a1443d2b39a8e96dfc2d86a9dddc5257b425,19
0x0578a5c97c3ae5e729f7213c077aa79ab82bc068,13
0x0578a91c4464e2e9587e422496e68df5607abee4,12
0x0578b272c191b1b81079ab928d277c8e15dde03d,15
0x0578b3631b67ddc819d430e262a9b8bd394c2cc8,13
0x0578b5cbf3ad58f5da16a7e93b187232729a877e,14
0x0578b66a09d9b32dc79ef94233c7eb24de3c7848,15
0x0578b684965317506353bfbcc2420b3a91b8558c,10
0x0578bd1e5c8b6bd924a8e6f90778bb5c8774449b,11
0x0578c853b964fd74bc61a8663cbdb44ad10ec769,17
0x0578ca864b9eace780427157c58373251f60e0bf,20
0x0578ccc7e7932a99c8244c77888875f760eeab84,18
0x0578d0906b207de0e939223f3db21779ced7b6af,14
0x0578e08ae54e5e71638389b2675328791963eeba,19
0x0578e31b597c66438c3d9ef691afdf736c0ec63d,10
0x0578e3ffb7a78b8b7b731df0f6a2545370644b5b,17
0x0578e8213857a9a56b049de26a6b3c581a86241c,16
0x0578e89e5af39c0f4f05d4c7a2d999850056c2ac,11
0x0578e9ef11bb45ce977b726142d5c1c1e489f299,16
0x0578eca2c6f8439ba9274fd4963f73fdcc1328f7,18
0x0578f1f546d3a2e28386001cbcc4933a8d1bb7a0,17
0x0578f76d699ac20efb037c4e4bbd76ce80de54d8,20
0x0578fc62962717901343d63267a2bbf9a62b5999,10
0x0579080c2f01877ee3dca9179bd15580bd65884f,14
0x05790e4953a647be4a4699d8462364c695631cd2,12
0x057910ddc025ad1b87becc29eb7700c20f03be8a,18
0x057914a4c80420e1024e1de73be31bb58da7af12,15
0x05791dd9d1e94462117be8da27d6935a6f90c313,14
0x05791f55bf9f84c6bec80be4bd1890260eeaa701,10
0x057923beebecdf9c4414692b950bce73981b9615,16
0x057926d75fd78f60fa987335e67545357f5a3a1c,17
0x057930246d581f2602f166091434889cd52e12b8,20
0x057931155d0c6355b1bd108b0fbfe9bc77d59ef0,15
0x0579317baa8e2c985b6965b8dfe2141063dcfdc7,18
0x05793383891e2ec40acc1b411c714a14311cf372,18
0x057938a2d283b70235fe47a73f0ef9ef9700faa2,11
0x05793900cab783c9aa5f5eaff8bbbd9f1b14eee8,15
0x05793b919b80c20f0e47fdaa513fbb2d9820d28b,13
0x05793f93ce91a215bfffc243efa0cebc8066359c,14
0x05793fbf3a79b79ef1df97276791ed73194dea99,10
0x05793fc9809244a30c3a5305a882595c3dacf65e,19
0x0579427177feafa548912b2ba9e559ba407497fb,13
0x057946cf2c3ac134a5f4cd5f2dbb59e5eb9eea6d,12
0x05794718582e00bf690df6cd5f0d14999569349e,19
0x057948698948d6c7141d2e92c0861d1992fad146,15
0x05794f1b7c6624fc9adef9cbce7a1355dcc55679,16
0x05794fa8c53c4195b20da57c57b8a17c9b77ef01,11
0x057952e18b6a23eba7d9fc78652f85935f649851,13
0x0579535b388af3bd6f613015c9a1451572813131,10
0x057956a9ab439cee3da717721c75557d042da6cf,12
0x057958761b7b06eedeb59955f1b0d73da0616220,17
0x057959a52159ac1e11fb2a6f730b78af9f12ce5f,19
0x05795b0fdf1727ee93781a97e1672e40c85875dd,10
0x05795cdeac6e33349245a9b136fa56338fac7ee2,12
0x05795d7360e0b271f86c43d5b4b80e9690b78977,14
0x0579609d6843af6eefcd1f2895cce53eda6245d8,15
0x057967a82d9ae303d961f4dcf159d75cd0968e3d,12
0x0579685bba60514416f310feeaccd9845d455b8c,19
0x057971ef642e0d84b73f01dc512c8245fedf2c0f,20
0x057972a10c4f50078a71a94a4d66d729db6d0a8d,15
0x057976eb50697074c3e7026e394ba57eacc92788,10
0x05797e5834781f3c31cf06fd3733cabb5a1bfe7f,20
0x05797f423595598eb7369d59e802d9c4ebc8a4b8,10
0x0579821590b1890ffa7114917284a9106895936a,10
0x0579839d4d98fe16ff906264ea6d12765283b16e,19
0x0579857bdf64eae4dc804cd6758ad2d0538daf0b,11
0x057987dd79b0f2f859516489b55ead5b0cf95492,12
0x057989dc9d2534ef86d62863613ca2e63086ea89,18
0x05798af84ec344ad78a58516d47b89f942f6e5d4,20
0x05798b03f98debbe26fe3cb7bbdb77e89d8450b7,20
0x05798f84276805934ab26e61c2c374219e6c1546,11
0x0579916c7a0d27e135bc20790b1cdc1aa6b1e315,17
0x057992b493da627e9d2e69764fc0bdc6f07a0ce5,16
0x05799657c9b09f0617c1fed5a5d1f7af632300df,12
0x057996755a6c4d4174a6b1ff1c08a6406d339f46,19
0x05799cf336a499e243b8ce0b1900717d0bbd01f4,19
0x0579a24fbfb80ed3fa21e90b4e45e1ff24ba1d92,12
0x0579a353ad22c1e5a504a9b941e54b7124641462,13
0x0579a6cac530f9ac77c662f1f67d26c268b55c3f,10
0x0579aed2356ce840f835b1daccad2a677c0477d3,19
0x0579b230010aeb4e447e11e09b828c95792bd0ba,18
0x0579b71f31648ec5428865e08fa787064e148145,12
0x0579bb6a45a4fbe5242ff7dd7a93d76a3c226205,17
0x0579bdbd779da2cabec0b8ca8911b1326f3218d1,11
0x0579beee8bd8f88533bee9ec84bfe84945097efc,14
0x0579ce51764e55d1a93648819a58b21059c9b439,16
0x0579cf656daf206c3fd19b412e1c0bc551f89682,19
0x0579d532d652dc9fcb691906b881bc3527914587,13
0x0579ebdf37c1b63a6ece47f2ee9b0faf03341720,12
0x0579ee8ef613d8bdfd0042b91bfb9c29d1e75239,12
0x0579efac0c354632bcb4f56b0a3b505e6b9f130d,12
0x0579f0f3168e7a1824b635efb551b0f3d03de663,16
0x0579f3f9cdaa7c44c3516bdebfb461dcdbfc9b34,18
0x0579f413f26eaf7de32e78c84ebe73f6ae8237d3,17
0x0579f41d9c52f46a0b48ad8a03fbd8c1c0084d14,11
0x0579f4594ef511c27655c51f12d63b5848d4957c,10
0x0579fb3398c9877b9878f07aff7b4aa911ca9388,16
0x0579fdbf68711ef35f9d64a91ec4a2ec4992adce,17
0x0579fee0777c00a98eec767933e5207dc072c66c,19
0x057a022be68ec959c0cfe2ce0b59d088f4e16a0f,20
0x057a07e4b4e4ce4bcff95d722fe64124896f0ca2,15
0x057a0f36355b66701da080a18943e3b1ebc2cf32,14
0x057a17c82eb614b0f4dfa13db045c9a565d2523c,12
0x057a1a6f5861bf21309bf7f69aa8d8b05928d86e,14
0x057a2cc8a595a3b6e5194b465259f2922825cdfc,11
0x057a2d245b6ed56d6c05b49ecc67960f9df9f949,15
0x057a2e19a019bdb4c895dc68f5ba8aaa336b2fa9,18
0x057a355b38182184a5f1d1cc3e5d713c3b4497f4,16
0x057a3c2e7d34b3235e60e7410b300e6e82fc559e,11
0x057a3d8c6b24a829dd4404fe318bacd4fd8608f4,14
0x057a40be06a713024bf7e63b2099812a98a4dc60,19
0x057a49edfdf3a32a664a6f62241b2af24b9a81f2,17
0x057a52b4e1e7fd24e9e81e7e1a713f85161b173d,16
0x057a58c17e827b40f4798a47d4278d82a2f00e4a,11
0x057a5ba5d0ec85cfe99973ceb5afd17220d6127d,19
0x057a62f2d00489564881b917c76c2765851235af,18
0x057a63283ed063a3462c558db204cd2ba3768c71,18
0x057a6e0bdef6c44e47ee8f95e266c308eeeb1246,14
0x057a6e3ffd6aeb76282e79c4de7dde88c7acc391,17
0x057a6eaa35e0d670ce3adf669d181a04b098b95c,16
0x057a70573659501b71661443e93bd2229303b122,10
0x057a7336cdc31b5ba6f2d4afb5d5e632d696495c,18
0x057a73f118bedaca6d76cbe5abe7fcdcf6ff68ac,14
0x057a744577bb9935e5a9411832d63d6202e767f2,20
0x057a7724681b41f1a46dae34ccd68dbb00b04cbb,17
0x057a7809d9faad0083cad07bc5fcbbbd14f5201e,12
0x057a78a8512eb3f6b0cc99023c88729b21c4597b,12
0x057a79c63f31759c93d4857f3eb587d09763b013,14
0x057a7d399041807889bcf30fe7ecde3e53ab89f0,20
0x057a7f17b99c2f9887704d457d6915f383c9820e,15
0x057a8ac0fa62226b8c88571a608438b23fb62e50,13
0x057a8deab100ea799c7df57f861dbf000656fcba,19
0x057a8ded1657e5fbd49bdecbddfedda6dd291301,16
0x057a8e41bb5ee33921bc9c007e246a0a8c3816dd,18
0x057a918c24b6797d09468b29428686b201cfcab6,15
0x057a93bb6cf24f318747c65b3e3600ad211662e7,18
0x057a97a74e5fd26a5f472a9518f28d19ecb534d3,14
0x057a9a583f878e43ef8bb0b4a9d210ff9872ef07,18
0x057a9e7728a93bd230c25437772a75203c2f4593,11
0x057a9ee379df1fc923b1888a3a42ed7b439f04ad,20
0x057aa486965d6a93fcee1ca9604942cac5e113e7,20
0x057aa51c095347ff09f0ebe251596c62615f052b,19
0x057aa8e349990c38acb78594f80fc4d4a47743f3,10
0x057aa9826ddce310a6f8320c0f373ff2f1569a22,16
0x057aba29c3751227a8d08fe238c6b2ad25551521,12
0x057abc13591934e51d04b14e89c41d4be8335bc5,10
0x057ac899927fff2adca228ca868a23ec314f27c5,16
0x057acdae2a30ab1fc476598ee58f46fa38a6507c,10
0x057ace4f601c4849fa139fbc2a58b68539d0de2a,20
0x057ad21721c83351defa1a3382e6cdf6c2782a3c,14
0x057ad28da3c31492e11eb64e6cf20701c7b52e6e,11
0x057ad2a4b1b9683099bc4909cf79a8a8d0cdd6be,19
0x057ad6fd8432bfd05fb9578c966a113070d3ba57,14
0x057ad703c512efe4d73467467539b761c421406d,10
0x057ae853fabde99cb2bcdb2f57fb25fa06414698,15
0x057ae8de6d77572589c03c8820385d2ab3240e8d,10
0x057aeb6271549de372a15d2670d8052898a4b991,20
0x057aedec9ad42ffd92aa9e1ce6f6cef5dfc9b5c3,10
0x057af4cb84129a748865fb972cab3c108cc1d482,18
0x057af8f5fa207894153fe5ee76a24c7ec9b0e987,20
0x057afbd07c3dc8f2efb9798c6fd2ce0ffb93f02f,14
0x057aff0e2d3e11c1fab37b6906862f7146e04963,13
0x057aff128a248350ee45334787b7fe0554b98ef9,17
0x057b0653ea79c1f773d89937ab0b6e58bc8bbd25,12
0x057b07750ad733699baf801e2dd6458eee24a274,17
0x057b0835e2d010cd7f6a60accdcc26f01160995b,11
0x057b0ff85e87a5202b7c367f36de11c99731e58d,18
0x057b1b5a3343e063a194cd97c7ebd8672fa0dc73,20
0x057b2a6c1c67e78a5990b5b7a9a5ea0cddc04ba1,16
0x057b2f09311eb7e1855e88faae4326f45a5715ce,13
0x057b31b226e799f1ed47a0b78f034b72302d93e0,17
0x057b4015fe1c24341b2518fd8ebb2d4e00d5dda5,17
0x057b40c25623f8cb10fb0da5e760e91fbe950219,10
0x057b412807dfe89177d1f04ef4314cc183da4454,17
0x057b47fe30751d4c6bdad3ca89f460b55cd8bf6c,12
0x057b48652a5254452319f9346117751220d352d1,20
0x057b493d70181de0b2c337f97c1aa301c2927d10,17
0x057b4d8e872519e90ac837cf70cfb25ba43ff4a2,12
0x057b4f56142f2844321f796163680904c09c386c,19
0x057b5037e637af0d526f99f1e1039e04bbe9d399,12
0x057b5be9b259046e5cb43dc7824d0ab353bd5729,18
0x057b623b5fc4a99a764fd18664f9e036d6fdf1ff,14
0x057b68714737036c19a72912f6343636df45b9c9,18
0x057b6b465be4d925b18a5a43e8baae34edd18141,18
0x057b74a90256ca3b9b6da78d7497782e297d7cf7,11
0x057b74f5d27dc0f9885810c45092fa6391ffd28a,12
0x057b79bf44439ab1736e86a33135b660671868fa,15
0x057b7a1f8ad80f9a3d6600bf073b7bb0636e5315,12
0x057b7e49cfd5dc7b8c97309f6a34fd0ea0e3bf56,19
0x057b80e17a64f8d8257a9f2b1fb87ad8c8889838,14
0x057b8c10a1d2375dcefacac59a93bc517ef33eb7,19
0x057b9514b0a2f98058c430d108c245aa652b1ca1,13
0x057b97492a5961eb2b2f7728c692808505af649b,14
0x057b9c0f4f2f28f4e2a84c6cb58fafef2cd230bf,15
0x057b9f71d3e936d5982519b99988bc731f10dbf1,11
0x057ba105f8f72a13c46841d37dc7c4a1d0e189cb,18
0x057ba8393d5797c1abfc769f5b4ff55eb13b9ace,13
0x057ba928afeadb3ab912b77428597b95de1fd0eb,16
0x057baa0e672642498d18deab94d32c61a8c8bcab,11
0x057bad66269391bb0d02537c8ebdcd96913f79dc,13
0x057bbde55e07ab042057ad8c9ca533b1f9bc4ce1,12
0x057bcae706ec67c468f25b561f57523f6083e5eb,10
0x057bcd3a1fe60b656145d831306ec74ef5a93276,13
0x057bcdeef0dbc0a569d0ec7474deb6bec4c8a327,15
0x057bcf36a3e1d5f5de95d5c06fbd831f0a73688d,18
0x057bd1aff6d27e98b068c207f36432c856874553,14
0x057bd870a6ecc5435b093550e8e14da2f95cedd1,19
0x057bdb94650ddbd698ad8dce236a9bc9efdc5179,10
0x057bdd346ef99a764a11e8782f9ea22aa582b2e9,15
0x057be16d3b9f66cbfcfeb7f933f33ee756aee846,13
0x057be59faab9f6de82b417a7f39887df85690bee,17
0x057be5a52e78ccfa9962a863df0c496975fe9f68,12
0x057bea5bbe20db1bd9e9b94f9f4e44d1c592236a,17
0x057beaf4201b4dbf8f5ff3661d4c7063666f8c82,13
0x057bee31294b79e275d66c62df82788815f85176,11
0x057bee79a9fa3ba30d45fd527ed69f0bb010cd78,10
0x057bf0a7242596e8c99a111e0a4f8559ef39dd49,13
0x057bf9bfe90739ab6d1b6733dfd7cf682c1b4eaa,18
0x057bfe6b7a7c3cf146053998089130b666c3ae82,12
0x057bffce824eb087b7b11ceac513e109273ad24f,16
0x057c019cd520aa1741e92ed03bb89033916599dc,13
0x057c080ad2b445614811571870dc669f5469d3df,20
0x057c0a88ba02f5cd299285f34e258a4ac58e8647,12
0x057c0c1c747d0106da97b14f2dff04e62e24bc7b,14
0x057c0c7743844c3df2ba79a94c30d1455abe951d,11
0x057c11c5cbe0a8e20848a71e0202ba7440f56c5a,15
0x057c130fda0cf434bede98e38d3a27d9987f2725,16
0x057c18d3b637a33a742a0401fdea5e8d2c23a43f,17
0x057c1e5b4e3084e9f7dd921c45c794bdf0decc62,18
0x057c20a35236f44ee4f0761100a568bebee31401,15
0x057c285a95e0e52cda30e99e4a1eac7d39081af8,15
0x057c2be2fcbb2580cc98ca18f0870e95ca4c4697,15
0x057c2cfc5640f5497e3717a39032b11f52ef3460,12
0x057c2e296cccc22dd4a8484f6d95722065311946,20
0x057c34e39f140b3d104832fa2e993481381ccb4c,10
0x057c39d2df3491f5cdde3057b0609549697124b7,14
0x057c40829595add25abe8c230b0977ae0db88eba,14
0x057c40d3f5cee50169d664a9ef8b32b22fa24eff,12
0x057c411344c50eed0f7b83f2cb3aea076ae3dc76,13
0x057c43a1966c909a9e8fa24e281ea8c7ea718696,19
0x057c43ea0e181bea4e373f5abb4480216b38c4ee,17
0x057c48b12948ca320845a31022dadf74101b8074,13
0x057c4afcc2344df27a2d285bae16f7b7aa591e61,18
0x057c5250c327fc7be7a52ef21e67bfa854b94d88,10
0x057c56e737ee6fbc4b1974b8fc73f926b61725c9,18
0x057c5c44966140ea89611c4476d12ba514427ed8,16
0x057c5fa54287ae612a9f620c4e90539c534d6052,20
0x057c62b22bc771e9c6f279535e5c3e98c2260ab3,10
0x057c6c64cee8154288d9f58e750530028f09c8af,14
0x057c6d5c88ee3c90688e10bbf45c25c1e9fc762d,13
0x057c72a4db3c2404cacf6a5880400dedbc25b572,19
0x057c7d1f90cf57b8deec4309a395cc0556ed4504,11
0x057c7f3fca69609afc4a0bee1155c71eddccf7a6,17
0x057c800221d77a39414724b420cb9aa714c7d66e,17
0x057c82ef99eada1bd1f5ab121beb5943214cce10,13
0x057c89ad1c279e238e0e2335776856a325cca826,11
0x057c8e0a2d1f348aa48272258e8f06b6e33a3996,15
0x057c8f1b82990f71b08c4c7b0a945b7ce2926062,15
0x057c91c413a745022156a44211107d679ad75cdf,17
0x057c95029a17356883ed274a9efe2efacf468abf,15
0x057c9dd96308a85f9ccdf4ce0ca636fa7ff6cbee,12
0x057ca0b7f0f4131d5bd5793cb0f2bcd1754dfc2c,14
0x057ca29f779795375f32fdc7faeecad3edab65e2,20
0x057ca48c6d8726e1ed329dec5e06fd520caac52e,12
0x057cafca05d002b4bf5d72fa52908bc1838854cb,19
0x057cb601c6ccd27afda77c1ae2d26c1a02b18eab,10
0x057cb6b29e3b142459834e6c6e0040c9ee099d39,13
0x057cb6b8ea362bd8a38d91ebb568be7c35676a56,20
0x057cb6bf3df79e7a420db9f74419c4d7461ae884,13
0x057cb7f9bb16d72904f27515363f47db9c2b160b,13
0x057cb9c1844abf28d30dbaca836988cb6c0fee84,13
0x057cbc8d80d514ba6ec26bf0d8fe188a792d9474,12
0x057cbdf52f285319235983ef77ad96dfc9ce9620,16
0x057cbe2eb29fd4302be5c45cfee8e115b04759a0,13
0x057cc69bb0a61be4df66b10d58a58d61d3cc555a,11
0x057cc79c8cd5cc01dabbfac02d756c273e8c6473,10
0x057cc881897c9862c2f0c7d6eaae7ec57d7828b3,15
0x057ccac60d0c425abc621f401607551f11481aff,10
0x057ccb6f21a1e2f9b6b70026ed339c617ba0d6e5,15
0x057cd9020c7f80b753b17e35f5778c64c15fd54a,19
0x057cd9cf11f34943e976677e06f6741ebf9f5135,19
0x057ce947c89b2aa44aa842dabfdc8e575ed2fe23,11
0x057cedc88e9b7d56225d9462e38fa3753b80881e,20
0x057cefbcc0385c5fc0e9ab790caf156f9af67637,18
0x057cf1e64e29d44bd72709c95362731b767b4d74,10
0x057cf454c797dba7d729007caafe5c0570f36672,15
0x057cf4ac409099e7532359cf1d630392ace02093,13
0x057cfd4739f1a9bb4e960fb19e1dd8461b59dd87,11
0x057d01191853aa9acf8fd6bef548a5cafd4ccb5e,15
0x057d06a0f612ab1fc8b9ba50556219eeb4790262,10
0x057d07df16624394b1d9b8a5bfe172aa4ff64ad5,16
0x057d0cf2a748953a8d56ddb324293f2cf3a591ee,16
0x057d15fdf0c4b6a36860cfac73fb48a84e18ddef,15
0x057d162739ec0c80f0bd90648a68bf228babf88a,12
0x057d183fd5f4fc71f72cb1003ad200d57cda9ac8,10
0x057d220e5c31df772517be2bb9c48f0a9ecd1e2a,20
0x057d26c2c85fed18b998fec6cb20dc2939a71616,20
0x057d30b0f77adc2c8cf863b909aafae78dfedadb,15
0x057d31107a923e9461f6cf6ed0e67eebc18fd615,15
0x057d39a689f9b6e84884e41b999197657db15304,16
0x057d3a094ad3b5cd25dcc679cf58ad0f43a78f3d,17
0x057d3c9a24b9123d925a62b48069e8e1aa35c6e9,18
0x057d437a24959de0dccba8c775426fe0a75f2e19,12
0x057d45ae6208420eb1caef3582052d9db553ed41,15
0x057d5abbf3f8f801bd701491d307ea28fb7ab85e,14
0x057d5bfda30394711528ed8dcd9c1842e3d8b0e3,20
0x057d5cd9668c755bd4b6b929a1fe9187dc5d26de,13
0x057d5e8f9384a588ae3abe9f0883f1318370cdce,18
0x057d651c3546d13892feecadda8016328b7161a9,14
0x057d68090889ef46cbe35f49559fbd4dcc6fcb6a,18
0x057d68b5fcb2e73f33783e4eb37ffb6a51334add,15
0x057d69813cc7c94bc81486c3bfc7a6c3503ef23e,15
0x057d6d3d69a8e84b9bf1f55c0d6c5a3f8ccd8090,20
0x057d6e1fca6bc6711d69bf62e71628668c5a11e1,10
0x057d7068f91624b3fea904aa11b5c2e43f3504fc,12
0x057d70818da3ce64e0163075772021e9fe87eaed,20
0x057d72bb4542b92bcc3957b1ae7709a0aecb7bad,13
0x057d74be357174e636055678555f9039a5dfd2f8,15
0x057d758c67248af6970ef7daba0ff6202795ea9a,17
0x057d79710ddf6ad6aa57f89dda91874130a49004,11
0x057d7a262b89471dfdaa14a4e9ebd70ed4950ace,15
0x057d82fcd82bbd95be55978bc9b80ee75b424997,13
0x057d88c5653d0ea4f5c43ffc1bf7516665890a57,19
0x057d8e74db7bffe6e640919f711aefe380661f28,14
0x057d91019f100af1fb62c596c4c779651b27e63c,17
0x057d91edec4e8059c621aca7d276e6e35a4bc8bf,10
0x057d9a0e75260b7992aec0ca925765086bc7d7da,11
0x057d9d78e3c93e9cf65573e92798c8dcc8eb04e8,17
0x057da1008d7f265c7c849ad3ea482e23f9bf0798,18
0x057da4418d201d2e9150d04b9195fb77447a3880,20
0x057da4a17dac1d8eeaa88dc69c7a643695c1f850,12
0x057da7a24b02e2e17a0d6dd67ad44bf5253b8fcb,11
0x057db3e340c497224ababda6065d75fb271eb0c7,17
0x057db9d8bdfae348c46853801636a8a19551e550,13
0x057dbacff9636d1d1d8d3dbb42d84f435addec73,10
0x057dbb49fa985ee5de747a09b48a32fbdda51434,15
0x057dbdf2b6a50b205d848d2ae16e9c1368096927,10
0x057dc00ecd3a7db0fa48ccf121864235a419879f,14
0x057dc163422b193b2a3f3bae497e04af0f047099,13
0x057dc47b05c35eb02a705041f7c38f2dec169cb0,14
0x057dc729bc65fbca942b33a221aabf7999423962,11
0x057dcab579e4c63062d8f496c850551df711dff2,18
0x057dd0877825a36e308c76740fff5b9bd38d3c75,11
0x057dd3e0069a9a2dc7dd673437e42056f95fdbc7,13
0x057ddaebadb164896c5cc2a570e0d701b83aa519,13
0x057ddc6c0e5db96726fab69eef3373c7c5343547,15
0x057de49126e6a9aa32123aa940bbe657fa1fdb6f,19
0x057deedb7af1105f16cbb49f90832a0f117a4b93,19
0x057df9c77fcd720526a352c97f4ab1f06b2a06e7,11
0x057dfd208143f57f42650eb021babcd019b5c2c3,13
0x057e001d27ce6e990dce256d3ff8d83ae67e10d0,15
0x057e070fe381aa255afbd075724033b6e42ec5f6,16
0x057e0efc67c32120a31565e842ad3fd6b229cf90,10
0x057e109783518236da93a3f2ee3e1ca4cf6d2a8d,17
0x057e1535108a7b389a5040d6b9353a826bb92aec,10
0x057e16caeec65db4741e261b32679addbc509560,11
0x057e1a829ed4961bed1adfe9c38a930071134890,11
0x057e279da4c4de5be20c840596ea1f707941de21,18
0x057e3049e0c3e1e36ab00b4efa7923dfb5f9717c,16
0x057e30819c5e18ad42e81f59cdfe561c6ce2e73b,13
0x057e344858745c98dfa7588406f022b5ded7998b,11
0x057e363dc1992a2b4fdeddb104b83341f91d87ef,18
0x057e3a45bff8bef2ff8073351a77f8bf0ac387f0,12
0x057e3b7dbdc5be9b3b138bb5af328364c2a9c0c7,20
0x057e4360bc4aae7cc98ef1afdc8936167a8f6333,18
0x057e43b6a3a3080f4042a93bac6b95da31079c4e,16
0x057e47516f591fd00e436249f45dbbbcb0b89670,14
0x057e5563176f6e9f5458d287062e8abd77be28e8,18
0x057e57595b11dfeff5ab74d5df58d84568e0f4ba,15
0x057e5d998d31856bf812117322247d7da05c17c8,10
0x057e5f78ddd146e6c63e38ff0c3f49c67a3d2e7a,15
0x057e6001338798e56310e757ca6e1fd7e5df190a,16
0x057e6092210ad0b592fd74b2e8f3010682055d30,11
0x057e67fad5bae9b5ae859d876d73425857fa2d22,12
0x057e757b511c516059c7af15c829d0f9c63455f2,12
0x057e7d1d0d5ce9903af16622a463dc8f6af6d618,11
0x057e7e98813c1d906de32874c483f522eea3ae88,12
0x057e82d08acc4616db693f4b52598f853ff23df0,16
0x057e92bade3397c1ce685d6a7f222f79f4e814ea,12
0x057e98e01287408e38b62630e06bb6b940b194c9,20
0x057ea17b0c2d2ef38c6f06accf662918698e1439,13
0x057ea4fce95da57cca2b5184d26596d6f4b3c3c4,13
0x057ea8cb6438fa505ad047c057cb759259963ccb,10
0x057eadfe4afc78c89cfae79893e0ba2ab79f345b,19
0x057eaf353580840f7ef8609eb010962bfd7f2252,17
0x057eb46d428489b3fe301afe1c95ca59ec2117b3,16
0x057eb8e7b46ca624aeced23a2b14f6e0cba1886c,18
0x057eba256d94b0a42e0fddef477d62da3403ef16,16
0x057ebde3a47f99f7685036ee83b230728b16340e,15
0x057ebedc5c292cf826b0bd408bf10a03fbb7c673,11
0x057ec2308c78f86c2431f74f8df27d4c06c1895c,10
0x057ec951f05657f0ab55fd0431f8e8cd00998791,12
0x057eca30408f618b2561be9dc0a55c565c3436ed,12
0x057eca99a11152f2d81e40bfa5b3f1b391a839ee,14
0x057ecd13ecc0060cf9571d029a0061ee2f66e5e2,12
0x057ecd91294dd0c53be16870b166cf202faeafc1,19
0x057ecf401fb1ea7ca855425af52e0f1e0f97056e,13
0x057ed42200d432e08a9550cef8291fffe737e465,18
0x057edc2a94b882d8c04f8833286d349514c2cc5a,19
0x057edc78b0d2696a8984949496b23f54b4164e6f,13
0x057edde173312f479f179a2fcdaab544a8eb605d,12
0x057ee07eb0a58a532408f2bbff62967d64333d23,20
0x057ee52cf39a08b73739e27c1775ee7ed7d6869b,13
0x057ee54e4d2e78a10c2d033c79cd35b02a4d4a26,12
0x057ee6d8a955acb230f61d2f0be9a43f09f48448,19
0x057ee76034e2bf9e894ebfc12f1e3b59dd8d9d39,16
0x057ee7c624d3cf38f468f4e7c6a3fbdcc7a69eca,14
0x057eee3a37f63cfe5f98c9ba7aec67a4c6b5399e,16
0x057eef1111de219f7803d162b3c486df1f769801,17
0x057ef07b798fabefe3f7c31e60574653eed507d7,18
0x057ef1d30b7f64abe9754fde6c29ceaa8052dc35,15
0x057ef7100e7627f31b25c161ca2a1c21e8f0fb5e,16
0x057ef8102a45c1e32cec6b09a69231ee7d5c4332,12
0x057ef8374b6a0c2985ad80115873a55590dc0e02,18
0x057ef8c097325bbf4f46a5df35fa060e1faea3d6,20
0x057efa47cf2e7641a51f45bfbf5a224ef30c1116,19
0x057efbdac797e63a446fff048687f5cef131463f,11
0x057f076cb9ed8fee9b16fb34b6e11565dca117ba,16
0x057f0a0e6e3c00e444a88927e54ba20972218c51,12
0x057f118679651b956fd25988ae22bd07c5c1cf34,10
0x057f135913de2049429122f282dfafc5fb3d0025,11
0x057f14a2ce492d7bbd73bbb03e9cf3fc7585b6ce,20
0x057f17d2890e12d6e5885c2ec257f7f75eac96e8,18
0x057f19dfd699d9757853a55492ebef0c67ba6459,15
0x057f1afe2a8d129ff0c595e8af08b8fcc0345c61,19
0x057f1cf97ac9479e40e5efa1637bfce26bcb4dc0,20
0x057f25bd612fab650aae435c8a79638b6de8cfd5,11
0x057f2877075aa8a31635806753e6b0a3b9318764,15
0x057f32a45377a79e56bae7ddc7b012cfa7fd6291,17
0x057f357e4b5b7e2e49cc672a3d0bc584ffc132d0,20
0x057f36a6840569d402cde5c892b583cc1993cabb,10
0x057f384008f067624b6532430c9b69e28001904f,20
0x057f3b36ef3680df0f736b5620f4ba52717545e8,16
0x057f3f63db86da9470f34dd484dcfa7ba2f239ac,16
0x057f3fc7d51f837c7905522f6d630a2c94ee5ef6,17
0x057f436782ce7d4f2cfd31e4d75d9d4e95d24f4d,19
0x057f4563af2b0d2612b49925b6c0e8ca088b271e,15
0x057f456cb54172014d0d1a37fe68a81964e39e0c,15
0x057f4891959ee05dd2d4e82a32ae26193b20f247,19
0x057f4af5c4cfc123773966a9f4c877d331757a39,20
0x057f4e2f1f97f3b954dedd238ea3c15627f7ca07,15
0x057f54d719a89148a3d5dae0ea46a97b67e1c1cb,20
0x057f54de692209b6cd49da3ced8204880709ee99,13
0x057f580dedc51bec72cdb14c1c92b8265e5d8958,14
0x057f5ed1fe26a793c490391624b7c22bf3ee3719,16
0x057f609b0cc8cf7fbb868d6bdaf2d8835766599c,19
0x057f62370737d485cbb73b1f66dd3cbf397c08b6,10
0x057f66d06f3d2da5ead511eecaef05957975ef97,19
0x057f6a334f0c2fde2528af3bcfb3956f0b6b77c5,20
0x057f6c151ea99d71dd8908d6be39a7f23302f8eb,13
0x057f6e0c2befe0ccd95f2e2fe0c5b05e9c345953,16
0x057f702dd1e37ef75c16f24b17fd5e3ffc2538ba,14
0x057f70ab13fff53b7f936d6c0b8cf86ba0aa1916,16
0x057f714fb8cee12b2925acf02606ef277ee895c8,14
0x057f727dad0baecc0c3aabe5ca93cb3141d76cb7,13
0x057f763e8cc33c37726fbea68e1c11055d1d5e79,13
0x057f81bbc4d150f7b5b77e1f9e50bcabbcede578,17
0x057f84ed74bdaed89c97913ea9c1f068296fdf4e,10
0x057f85aa8b9738cbb4b9690310eb75b46d274bd4,20
0x057f867a2f1cc001a795c1a66044b23f571c345a,13
0x057f8707f317023db00518f3bb646136be909dfd,13
0x057f88587ecd7ad71f7e97e6a3d6b63f673d22ce,18
0x057f8b26ddf529bd554417d82f6100f460532bad,17
0x057f8c514e8e0fd429ac48c6f24f416f00431bc0,15
0x057f8d0f6fb2703197363f75c002f766f1c4287a,11
0x057f9600fcadf96a73d0fa5e8574aff77621cd65,10
0x057f9b515dd3880b65b44ab3cea51936db604f0b,10
0x057f9bae9a7e5f2ac0dbe135d16d321af820fd28,15
0x057f9bb2fc517f9c722a0bfe8ebabce12b170bc9,17
0x057fa05e0e68864e4356a196c61fe59aed2f2948,17
0x057fa094c3dde8f4262f073f3554a6201608893a,12
0x057fa5a94add8ac6148e94b5dd843dde7c7110f8,19
0x057fa73751618d7bc137be9aca41b495e235b387,11
0x057fab7900b4245033d1c9766595f35ce46abd84,10
0x057fadef0c10358cd6f850d5950b54fd85460510,19
0x057fb1180d65ab1279bee23a22b22809a5cba360,14
0x057fb7f64e3b492b0fb7aa5f4d6512bfd5b2cb39,16
0x057fc05fbb65952b062bcc2dffaee8b8defeb0a7,14
0x057fc133334ca92bbedadbda53474193599ef23a,17
0x057fc24e011292b58b85672c8f0ef77767c8ee29,14
0x057fc3bb82e24c07f03373b31b4aa939210a5e74,18
0x057fcfdab997b2682893059a30b04290748f4299,16
0x057fd3dbd143f807ecda387fd442c12310f48327,18
0x057fd688817048d4a496b25d1778a7a89a6eace1,13
0x057fd83dfc9982e5bc52ca33bcdbdf3b7c0a3310,16
0x057fdabaad65099dce41700120b83dc2b7587bcb,17
0x057fdbe2da6846d92bf845cb1b2329bace9b670a,11
0x057fdd23505de52f675e6f5a8bc64c9d69175858,18
0x057fde47201ccab13a948a469e392c15612234a5,10
0x057fdff77aefb6db003a189b5a7753fb7339e8cc,12
0x057fdffb41505775712a9d08bed51a445db22313,11
0x057fe02a1caf0fb2ea63e58eb99ddc8fe639b9b2,11
0x057fe034a85564e4f48003398a5253981e853c4d,18
0x057fe5cc95bd1aa25fd80a9ea84c3c03d9d25ec8,19
0x057fe5f8f604c78023b978b5a28cb9131e9ca413,17
0x057fe601c664f9ae1c2c294f4b504163540a71e0,17
0x057fe96acffcf1bd758cef41a76f801f5a84547d,20
0x057feb63810198f636023b947fc420b6b4cf7b6d,17
0x057feff442758de9c6e0aba92a1eea243d0ab043,11
0x057ff067066827a2806b56d5c66d1a881b014c24,11
0x057ff0d02ef70b8beaa367e91a9ce236eb52aa4b,12
0x057ff1d68b68fbe016fa657dbe460e0f3ae0673c,13
0x057ff924a60d24fbb328e2cd58fdf0d46fa4a975,20
0x057ffc7b19e5ccbab88ff3897081f9857f08d93f,19
0x057ffdc57ae2a5067b97a42dcc34a713cd5e3b17,20
0x057fffa865804250600f9090fb20e4ad63423e02,10
0x058001ad28a5c4af8299329fcdadad8a94b086ef,17
0x058004ad690568f309d162938f51977dfbf3f09e,14
0x058006c16fd471558b7944b9296011bc8876801a,10
0x05800705fe63c4c3c35e9755f2cee521cc22c8f7,11
0x0580084d4ee1e2f99a4b12d681fd8d59372e2c57,15
0x05800a07bec4789ec3bfaae16f5423eacf993761,20
0x05800bc1b9fc2f547499701b925a3083742e17c1,16
0x05800e4bc446bc0e78ba4c241f7f4f8b74d9ca2f,15
0x05800f68b340e140bd54ac15426b81dfd55d8f4b,13
0x05800fb81fc0ac248a2d8c840dff6d3898ed5893,14
0x0580151a5e3eef924aa7d815d0772de7e544f5f8,15
0x05801644210e26b4ea320b957f63494489d04962,18
0x05801e2cba266beed60a9d1e4b8d84b127145203,18
0x0580228c4d615fa4485b1414ea9edd4c490bf2bd,20
0x058027d6acb7ba0443b709ce4a468e927f4dbb1a,17
0x05802bd3d594b69312ad89b91aea5e3a595e111f,13
0x05802bddb8045f7533be807db18d4ce043e76a9f,11
0x05802dae54c21b7a484bb8571ea6dd0895afe3c3,14
0x05802fcaf9a3b2568e62f683c95a96871cafee09,20
0x058032ecd2f6fde509eb954c3c81f838f44c4951,20
0x058034d3725bad0092b68dad3096fc149462cc1b,19
0x05803514195d7a4e1b5c70b35847e54c56c077c0,16
0x05803c156c701abeb370b63e78bc8340fa8b74a2,20
0x058042ffa117ab2b330a306f201339f42134318f,10
0x058044362021725a9397d5ab69ab6813c10bf790,18
0x0580499e676db55b32ab442f64ddd4c82b0e440e,12
0x05805acd4ac30d5e03d87ab2cb980914af20c428,13
0x05805ef5b428b765d10916c6e65362cb141d7b35,17
0x05806096b82bbfa5c07312f6e683fa866acdd6a0,16
0x058062d27cceddfc08a20f789cfb4111d9f065eb,20
0x058070b5ab99a57b4ad93115e4320683082e421d,16
0x058073f2de2c46ca4a1a5579ecc5a2e3bc9a8e61,20
0x05807768f71f9048ceaa4e126801f7eec8b6e4da,17
0x0580799bc92f9d62e38d144abbfd94415115ffc6,10
0x05807c710f4fbcff792c695a33c4162803b841b5,17
0x05807efe4a182fd579b9ed312f6238b7794ab6f1,10
0x058080c4758be1335c04715c95c007754046a095,10
0x0580819dcc566cfe37a82b4b9e36cfcdebe11343,15
0x0580828884e5a2794da99ff7d53c3a4d52edf810,12
0x0580843dcf232bd27f2a6cf9187f73dcfeb78312,19
0x058085f6b14bfaa4f63ef024efe5198bf03b3e2e,14
0x05808671b32a95f1f86ae7d000d60fdf056f5c10,16
0x058091dbeea13682f97135d632c005f1e9dcae4a,20
0x0580979b0736fb8c23928565cca27e0c1474ee4a,10
0x058099546b71dc6d9f85c34abb075bcdfeec30b6,16
0x05809ef51e9458cad52ad809dd193e417ab0b879,12
0x0580ab3be8100006dbc66c5d703ac296c3d57abf,20
0x0580ac1b36b94185f5840f606e151ab4b38dbb72,15
0x0580b30f56096c6b7819fb41d6fc064904012ba9,20
0x0580bb13353c0e078d164184a4f6ee4b786d5dc6,17
0x0580bbe295bfed6aeca523389272e38755fbe63b,11
0x0580bc3f68deb57e7eac2e7757aad60e920f12e7,16
0x0580c460065cfae39e9fbe65114e0302f91e9b60,14
0x0580d99cac0db7741d35697ba8f1c0fb704d3e8e,14
0x0580da451b9a25a6341c5d005f10aa642cfb0cb9,17
0x0580dc1826f7a406b6b63992a93984d13e5ea93e,17
0x0580dc71531c23d0077c57f1ba2f7b8c97084bda,17
0x0580dca4d011f0742202336c832954f3f13b09a3,15
0x0580e048b161a8b7f971e035faf66569581c71a1,11
0x0580e08c66fa33c13a35b5f182690eb1678d8497,11
0x0580e5398927a747e85a973ea9d94a1631b6f5d7,17
0x0580ee74ca6d5c1a20db808fcfaaaeddd5f22a6b,15
0x0581012b5b00721604b0cb5bd62b455f35a5d645,17
0x058101a2eb437f734556e8de053c8d82601a494c,14
0x058101c5b455683681e946035f5277dc113fbaf9,13
0x058102e3472c22bd2b8174a67350ed207c21eb0f,16
0x05810709e1c991ad902bc1da13b8f58754d332a0,16
0x05810778827f97e742ab4657660901f4d6fa9dcf,19
0x05810827732698619346f0bf4bb48733ba9e5549,13
0x0581213a90a1c5d6f6a3a69699aa4d613b5f9626,18
0x058123751d3a7d196d62080fd69bc480054b3600,12
0x0581261e8ac8f9c399d86f2f5b05697246dc5c2f,13
0x058128b9575f44fb00861a56b82c2d19638a6633,16
0x05812dc9ef6864737c9516e5ef0ed3a21ab94779,17
0x05812e47156d7b8d13a020d061f7e368975e7062,17
0x058137cb90745c6c10f9ac93e73666a7913a87e5,14
0x058137d8310d05e0bcfe7843b9d1cd6a89a07263,18
0x0581395078978d577a2a9f07a61b12badf5ed518,19
0x05813dbfe2c319bdb1ee431c214c9fa3386f27c8,10
0x058142a3f5b9ff68547eb1f5a89879ae311e4b8a,19
0x058142ee8bb9cb4d3d671479a645e849709b2665,16
0x0581464d491a6204d7be3c526367c4e45ec98020,15
0x05814703bf4f3a142178ef9204547c6b410586ba,19
0x05814d8829d959df86088231e7b8261fdde67583,18
0x058157b36046e10434f019ced5fda28152b9e3be,20
0x058157f61ae463f22f543e4a4aeea626cfecac70,18
0x05815b5a38482601e6096aa83ffa8ff24090efcd,17
0x05815e479539263dbc7bbc3d2d34423a06f2cc99,10
0x058161427e2c7d53e40bdeb2b90470d2c2c74f0a,13
0x0581622efec9b5605de4902d0bd223dc1cfdd1b5,10
0x0581626e958f4311577662f59aabaa4e75d4f8d2,19
0x0581677bd66036061289b5fdbcb6dd322cb076d3,12
0x058167cc05eae095f64da4ce0199f18d144b9de8,10
0x05816a14f464c67fdeb45250a2f0938b9bcffa99,14
0x05816d139172f5024d1e64ebfa05867588ce4a7c,13
0x058171e5d16ee125aed751b577526bbfad60979a,18
0x0581783dee79de05f88f73ceec8b3d10a6527669,17
0x05817a4882d0af8a1ed90e539286eb648721555d,18
0x0581830af06fbc6d4be0ff544a76a18185c96825,14
0x058185bbbcf292dad5c964581c39f0c8f53d7451,18
0x0581864fb242c89b4b4e1b90788d370a0746fb2b,17
0x058189045635461ab0d071747eb352ba18930e29,14
0x05819879afdbb96bba2c076a42dda1293ba4604a,20
0x0581a1d83d8635a4c18d99c36cbf434eaf1c6ea1,19
0x0581ae71c2f0635e61416b682c40c293a8f8f421,11
0x0581afb87506470e6ec745cc487a36338b002e40,14
0x0581b8f5f50bbbfa2951e7c73f32e99df7a10406,15
0x0581bb1cc7429b6290c964a8a9544dac3211fbc9,19
0x0581be395391e301513157159a9c6aad8c546cbf,20
0x0581c13f2a9dbee27104be10cbbfcfaf8594b781,17
0x0581c94904e8206ea9fe30e89822ba0ab91efed8,20
0x0581d8f76dfb499f715339940efa862487be5fd4,10
0x0581dc1853a15495875a7b391af9a25462021246,19
0x0581e11ae591e63dde0c30074d8fdb9ba8f44938,15
0x0581e5960e3f40cc1af4deedd7f8317aab31f631,16
0x0581e5c3b30020cf9c51d22f5f604bc8955c31ed,17
0x0581e69fba0c6130fa8bd1422d6706c90baee040,12
0x0581eb34b3e1248a9519b102cc4936fb6c6f9458,10
0x0581efd547c571f53c2cde6a3520a367fb865e26,18
0x0581f1e9eef46801f9e1f23667d1f043a0be8b4b,14
0x0581f1f745a7b13ff732e6d5f60011a379969633,15
0x0581f2edf6554ed0c82c9fe39833df824bd88493,15
0x0581f5f85954822a57a614a9efeae5aea78bcbe7,11
0x0581f767eb7b1f342f182745e6a3de8682862bc7,12
0x0581f9ad490a06f63b56858f99fecfe7f1e7d66e,18
0x0582025d73ddffb2823027583006d0fa521f2aff,14
0x058208d25b3bead90763ddcb9e4f15ed34e498be,16
0x058209231d63a40928f6553bf70e229f68e654a5,14
0x05820a1f01aa16780cc44d8aa847838a5f5b29db,17
0x05820ac77c2f17f08e783e9cd0214f89c520652f,16
0x05820de8b77f9b2b18ee97b194b64cf06d743038,20
0x058213f7f6a49c3f335c5f298f302b82410d65a0,14
0x0582143551f381bf8de43f43f1cbf2e515740fa5,20
0x058215dfa3944b603ceac7ffe89f3c1e54e4e988,18
0x05821842e29153e984b478873489820f7781b623,20
0x05821b4ecb9fe2d737b8ea475a25441304dd5ba1,15
0x05821f11dcd0f91602f6093f0a26b1fd3acc649e,15
0x058221e0223a2bacc0df256801e5bdae055dcd1e,13
0x0582238bfcff61d93eaedac83897201b26a56fb8,12
0x058224546b05ba77f81205198861c1119526c952,11
0x058226b3e4b159fa8accc78c4f62ac5d00de01d3,15
0x05822891a02c574d32fbcab32aa0b0bf15ffcaae,17
0x058230d861f5333ce2547ab534a9a4bcf56f5c7c,17
0x0582353d910dd85c4952bce89dd9b60b984c555a,18
0x058235f42861031c8296bbc69469310ebe35cdc4,19
0x058245a030d5172c80c5c5e706ec3b4a108cbbf1,19
0x058245c8330730057b29795a4e3618b34f5f2bea,13
0x05824bfe641372602278dcb868b65fcd59c01905,15
0x05824de413baa2bb22e614cc300c33e45a69f156,14
0x0582502a924cc102b320d48675233b1363147cf4,13
0x05825074b882a028ac8a688aaff9345d39a30762,11
0x058250f666d87a529aa8cc21c85bec772b30d358,15
0x058251a715a4450f1a4c98bfc1c217a542477390,13
0x058254053549f3d41c305a1561ef3f9779382f54,16
0x05825475ff25ee536d7eacd26f141e3115fd8ca5,18
0x058254f6fe7b76b7cff8f24605abe6b81517a53f,10
0x05825dff11d7e1d62e6025016e46f2d6f432419a,15
0x0582631dd338d6c1f765390e7a79a3c36bee98f2,10
0x05826596fad526314475b82a38f7acc60e5228a4,16
0x05826a30a7811ecf6823da64139f5ad3ef1df234,16
0x05827117d547bd04bc49659bd19b2e23e61bc8cf,20
0x0582728b62242ae0bdbf26039957d03a843f2c2f,19
0x0582745c74d1bd7aeeb8acd3131db29a7fc08619,19
0x05827819956b81cb5e8f05685be9e564520a3ffc,13
0x05827c47d28476cd9b230e4ce2fcfb988db04c14,19
0x05827cbfdcc3561d571b6922fd715625fd22e59b,11
0x05827ddf3653db1298b3bbe3b2756935be019603,20
0x05827f307e0ca9ac863ddf72acfd5b5b6b87dc5a,12
0x058282d3be1c946618ade40a97056443de184808,10
0x0582840ec9144bdd7b923306c53c7c37b2f7f35f,13
0x05828a0d3a14f773fa89957ce88674fba491feda,12
0x05828f0f6bc2f075d0cf3069586f3bf60bd46166,18
0x05828ff52d5541a7460160ea888fb63b28b62a4e,19
0x0582944a0ffdcbd8ac5ae6b2d5e03fdfffc7e750,11
0x058297c821f9ca7abc41a72435ec1cca77db83eb,11
0x05829ed5dc191af0e59987fa713a10fc4866af99,10
0x0582a31ff1041dfa2ad44b7d4eccfe1ace4c61fd,10
0x0582a48bac9d0248d271e31748985f9dcacf25eb,15
0x0582a620fa144ccac439a6daf4517aa0433bfe32,18
0x0582a8ccf8d7f784eb9c2ece0619bf1e104013df,18
0x0582aed433d7c7547a4458773d64488adfa82894,12
0x0582af9fb268c82ee18caae20b01e50763ef740a,14
0x0582b6e1c37058e54b2990c3eda41f3de2e949e8,13
0x0582b6e399bb37709392322c0f328e550308a0e3,10
0x0582bd9aaf36407aac0f0110978a9d6b5a5a88d3,20
0x0582c6b98b137f96eea304fb6bb7e4b27c4755cd,13
0x0582c7ab2fee816dfcf4d8b6141d5085448ca4f1,19
0x0582ccbd942ffe155c49e8a710d4374c1a490d22,11
0x0582d42842001d6598f39f50910415bb80e4ce0c,20
0x0582d9e5778afb57d2256eb3b965b4d7d890c0f5,15
0x0582db4c76cd61786b56f0dbfd77763906a315d0,19
0x0582db775fb252ec3d1d4c67d74013fdc48fc3fe,20
0x0582dca579e5ae915d268472871782f2bf134a79,14
0x0582dd1bb6fea967fe8a1309741e394b0617652d,10
0x0582ddc073526b10f9a713cb8d6bf9d2dd8917e6,10
0x0582de5dc9db1812626e7d9e0668af00bc6beff5,16
0x0582deb0b9f2bb89e6c7b92c20d424794cb8b445,20
0x0582df48fd1d4bc6fee0cedc7cc955b2fce99b0f,19
0x0582e403c3d2004596e867986084ceb1c53f0837,11
0x0582e428538b4f231efe2e2cffe8b9c8c10f1c00,10
0x0582e4989deb228280cae1c8445426b51a46ee36,18
0x0582e84bef202117a551531ecb0f8d863e11f56f,12
0x0582f2f58be3ebac4d650e5a35fbdf5ca4586a5d,15
0x0582f7322f8a088e50c73739ff0bf20fb0760597,13
0x0582fbfb3ab6c661f1444c3cc04e84f49705eda2,16
0x058301abfde5dce6cee2c8b1d949b26387ed8589,20
0x058305be141f9ccc3940c4e41f7c659700648962,17
0x0583067d5e1884b382abd75aeda9da92557bdf9d,14
0x05830a097d95c45c9837dd324221fa0a68a0ea68,14
0x05830b334787f8c7ead9617c20a62137a54ac065,10
0x05830b952eb2b509e2ba39860fba41372f5b249a,12
0x05831275295f8e575097eee6826299db3458f761,15
0x058315cb68898646e0b6f0f9881db77f126de8f7,20
0x058317739b814599c6b8588da3339896872bda1c,19
0x05831fe81df020f75eb57a7f7244631ad9032a43,11
0x05832055385e3b5add010ced5a1b6910964c7aa3,14
0x058321a2af13cd8adfeb1d54cdc7d8d26f7c7919,12
0x058324281247973eab6ea4a7c8279ffe72d3ceb1,20
0x058324cd48241d933af3daf9e4b2f57927c9979d,18
0x0583294cb5a6992946137f0339bab4f4bfee01d1,13
0x05832b46325fafb6797cad417ef497a95aea509d,10
0x0583327b70861d5b395da9e379d5c4637b571546,14
0x0583330c24b69b931b41d1d0b89840790f848fe3,15
0x05833470d831b4058922c28a110325401e0b7be5,12
0x058335f780d370c1ee87781913e65affd0fa955c,10
0x05833cdb9fbc1064e17fc10494e2bafbc8910c68,10
0x05833d82e295cd656f853efd3d1f80cc6655a5e1,17
0x0583413f27bd2085b1f7603357b5da6dcf0351ea,11
0x05834957a3baf2b43fd2db671572b4bfd4b6b0ec,20
0x05834a128a50f1a61a1b16f308f26dd29adff40c,20
0x05834a8c554d13f2daa5d0f59ee1136d369991fa,15
0x05834caebdaf142f7f74c2f08da23ac8dd0916e9,15
0x05834da4186c8c6483d275ac87324da39e597d44,17
0x05834f99c539a8346d8b258654e6999f9ca7b5ee,13
0x0583661621488746d332647a410272208bf58173,10
0x05836e26c5c9009899060a403332bf398277dad8,15
0x05836e7000781738e4427e73fe0236d23c795693,11
0x05836fb2afea0ba5de292bb8d738b0d3a725eae3,11
0x05837244e0f63bd1ea0f3e505a4b86e28e9bef7b,19
0x0583754e937f3c15308e0331e1f21b1930bba627,11
0x05837599d9bcc54651afca7d8bf7fa0db83d5033,16
0x058376e1d03e2b249e3a96df15d8664966626256,10
0x058377f8122a1eccd7275fdd115cbd2095468231,20
0x05837a4defcfe4e6da6b674929eb619c356902c9,20
0x058381f596d1528f72434179db53dfc78f003963,19
0x058382667e9fbbc65aba15500db875aa04d036e5,11
0x058382843d15b0f6321fa9beee786011cb60b84b,19
0x058388544f23ffd4287dc3d778c5e3addf7af934,14
